"Address","Occurrences","Indexability","Indexability Status","Canonical Link Element 1","HTTP Canonical","Meta Robots 1","X-Robots-Tag 1","rel=""next"" 1","rel=""prev"" 1","HTTP rel=""next"" 1","HTTP rel=""prev"" 1"
"https://www.aaitek.com/services/category/managed-services","1","Non-Indexable","Canonicalised","https://aaitek.com/","","","","","","",""
"https://www.aaitek.com/services/category/product-experience","1","Non-Indexable","Canonicalised","https://aaitek.com/","","","","","","",""
"https://www.aaitek.com/services/category/cloud-devops","1","Non-Indexable","Canonicalised","https://aaitek.com/","","","","","","",""
"https://www.aaitek.com/services/category/enterprise-platforms","1","Non-Indexable","Canonicalised","https://aaitek.com/","","","","","","",""
"https://www.aaitek.com/","1","Non-Indexable","Canonicalised","https://aaitek.com/","","","","","","",""
"https://www.aaitek.com/services/category/digital-growth","1","Non-Indexable","Canonicalised","https://aaitek.com/","","","","","","",""
"https://www.aaitek.com/services/category/software-engineering","1","Non-Indexable","Canonicalised","https://aaitek.com/","","","","","","",""
"https://www.aaitek.com/services/category/data-ai","1","Non-Indexable","Canonicalised","https://aaitek.com/","","","","","","",""
"https://www.aaitek.com/hire-talent","1","Non-Indexable","Canonicalised","https://aaitek.com/hire-talent","","","","","","",""
"https://www.aaitek.com/products","1","Non-Indexable","Canonicalised","https://aaitek.com/products","","","","","","",""
"https://www.aaitek.com/case-study/ai-driven-platform-financial-services","1","Non-Indexable","Canonicalised","https://aaitek.com/","","","","","","",""
"https://www.aaitek.com/products/ai-sales-agent","1","Non-Indexable","Canonicalised","https://aaitek.com/products/ai-sales-agent","","","","","","",""
"https://www.aaitek.com/about","1","Non-Indexable","Canonicalised","https://aaitek.com/about","","","","","","",""
"https://www.aaitek.com/company","1","Non-Indexable","Canonicalised","https://aaitek.com/company","","","","","","",""
"https://www.aaitek.com/resources","1","Non-Indexable","Canonicalised","https://aaitek.com/resources","","","","","","",""
"https://www.aaitek.com/case-study/cloud-migration-high-traffic-media","1","Non-Indexable","Canonicalised","https://aaitek.com/","","","","","","",""
"https://www.aaitek.com/hire-developers","1","Non-Indexable","Canonicalised","https://aaitek.com/hire-developers","","","","","","",""
"https://www.aaitek.com/industries","1","Non-Indexable","Canonicalised","https://aaitek.com/industries","","","","","","",""
"https://www.aaitek.com/services","1","Non-Indexable","Canonicalised","https://aaitek.com/services","","","","","","",""
"https://www.aaitek.com/partner-success","1","Non-Indexable","Canonicalised","https://aaitek.com/partner-success","","","","","","",""
"https://www.aaitek.com/contact","1","Non-Indexable","Canonicalised","https://aaitek.com/contact","","","","","","",""
"https://www.aaitek.com/products/ai-booking-agent","1","Non-Indexable","Canonicalised","https://aaitek.com/products/ai-booking-agent","","","","","","",""
"https://www.aaitek.com/privacy-policy","1","Non-Indexable","Canonicalised","https://aaitek.com/privacy-policy","","","","","","",""
"https://www.aaitek.com/academy","1","Non-Indexable","Canonicalised","https://aaitek.com/academy","","","","","","",""
"https://www.aaitek.com/terms-conditions","1","Non-Indexable","Canonicalised","https://aaitek.com/terms-conditions","","","","","","",""
"https://www.aaitek.com/products/ai-trade-strategy-agent","1","Non-Indexable","Canonicalised","https://aaitek.com/products/ai-trade-strategy-agent","","","","","","",""
"https://www.aaitek.com/case-study/enterprise-dxp-modernisation-public-sector","1","Non-Indexable","Canonicalised","https://aaitek.com/","","","","","","",""
"https://www.aaitek.com/hire-talent/enterprise-platforms","1","Non-Indexable","Canonicalised","https://aaitek.com/hire-talent/enterprise-platforms","","","","","","",""
"https://www.aaitek.com/industries/energy-utilities","1","Non-Indexable","Canonicalised","https://aaitek.com/industries/energy-utilities","","","","","","",""
"https://www.aaitek.com/press-releases","1","Non-Indexable","Canonicalised","https://aaitek.com/press-releases","","","","","","",""
"https://www.aaitek.com/services/servicenow-solutions","1","Non-Indexable","Canonicalised","https://aaitek.com/services/servicenow-solutions","","","","","","",""
"https://www.aaitek.com/press-release/aaitek-partners-cloud-provider","1","Non-Indexable","Canonicalised","https://aaitek.com/","","","","","","",""
"https://www.aaitek.com/hire-talent/data-ai","1","Non-Indexable","Canonicalised","https://aaitek.com/hire-talent/data-ai","","","","","","",""
"https://www.aaitek.com/services/cms-digital-experience-platforms","1","Non-Indexable","Canonicalised","https://aaitek.com/services/cms-digital-experience-platforms","","","","","","",""
"https://www.aaitek.com/services/advanced-analytics-insights","1","Non-Indexable","Canonicalised","https://aaitek.com/services/advanced-analytics-insights","","","","","","",""
"https://www.aaitek.com/press-release/aaitek-expands-operations-new-markets","1","Non-Indexable","Canonicalised","https://aaitek.com/","","","","","","",""
"https://www.aaitek.com/academy/cloud-engineering","1","Non-Indexable","Canonicalised","https://aaitek.com/academy/cloud-engineering","","","","","","",""
"https://www.aaitek.com/services/crm-platforms","1","Non-Indexable","Canonicalised","https://aaitek.com/services/crm-platforms","","","","","","",""
"https://www.aaitek.com/services/development-support-services","1","Non-Indexable","Canonicalised","https://aaitek.com/services/development-support-services","","","","","","",""
"https://www.aaitek.com/academy/custom-enterprise-programs","1","Non-Indexable","Canonicalised","https://aaitek.com/academy/custom-enterprise-programs","","","","","","",""
"https://www.aaitek.com/services/performance-paid-marketing","1","Non-Indexable","Canonicalised","https://aaitek.com/services/performance-paid-marketing","","","","","","",""
"https://www.aaitek.com/industries/financial-services-insurance","1","Non-Indexable","Canonicalised","https://aaitek.com/industries/financial-services-insurance","","","","","","",""
"https://www.aaitek.com/services/api-integration-engineering","1","Non-Indexable","Canonicalised","https://aaitek.com/services/api-integration-engineering","","","","","","",""
"https://www.aaitek.com/hire-talent/frontend-fullstack-engineering","1","Non-Indexable","Canonicalised","https://aaitek.com/hire-talent/frontend-fullstack-engineering","","","","","","",""
"https://www.aaitek.com/academy/cloud-security","1","Non-Indexable","Canonicalised","https://aaitek.com/academy/cloud-security","","","","","","",""
"https://www.aaitek.com/services/cloud-architecture-strategy","1","Non-Indexable","Canonicalised","https://aaitek.com/services/cloud-architecture-strategy","","","","","","",""
"https://www.aaitek.com/academy/cybersecurity-foundations","1","Non-Indexable","Canonicalised","https://aaitek.com/academy/cybersecurity-foundations","","","","","","",""
"https://www.aaitek.com/webinars","1","Non-Indexable","Canonicalised","https://aaitek.com/webinars","","","","","","",""
"https://www.aaitek.com/hire-talent/dedicated-teams","1","Non-Indexable","Canonicalised","https://aaitek.com/hire-talent/dedicated-teams","","","","","","",""
"https://www.aaitek.com/services/cloud-migration-modernisation","1","Non-Indexable","Canonicalised","https://aaitek.com/services/cloud-migration-modernisation","","","","","","",""
"https://www.aaitek.com/academy/cms-dxp-platforms","1","Non-Indexable","Canonicalised","https://aaitek.com/academy/cms-dxp-platforms","","","","","","",""
"https://www.aaitek.com/services/erp-enterprise-systems","1","Non-Indexable","Canonicalised","https://aaitek.com/services/erp-enterprise-systems","","","","","","",""
"https://www.aaitek.com/press-release/aaitek-recognized-top-digital-transformation","1","Non-Indexable","Canonicalised","https://aaitek.com/","","","","","","",""
"https://www.aaitek.com/services/ecommerce-solutions","1","Non-Indexable","Canonicalised","https://aaitek.com/services/ecommerce-solutions","","","","","","",""
"https://www.aaitek.com/hire-talent/staff-augmentation","1","Non-Indexable","Canonicalised","https://aaitek.com/hire-talent/staff-augmentation","","","","","","",""
"https://www.aaitek.com/services/interactive-immersive","1","Non-Indexable","Canonicalised","https://aaitek.com/services/interactive-immersive","","","","","","",""
"https://www.aaitek.com/video/platform-strategy-explained","1","Non-Indexable","Canonicalised","https://aaitek.com/","","","","","","",""
"https://www.aaitek.com/services/digital-operations-delivery","1","Non-Indexable","Canonicalised","https://aaitek.com/services/digital-operations-delivery","","","","","","",""
"https://www.aaitek.com/brand-guidelines","1","Non-Indexable","Canonicalised","https://aaitek.com/brand-guidelines","","","","","","",""
"https://www.aaitek.com/services/ai-governance-responsible-ai","1","Non-Indexable","Canonicalised","https://aaitek.com/services/ai-governance-responsible-ai","","","","","","",""
"https://www.aaitek.com/services/cloud-security-governance","1","Non-Indexable","Canonicalised","https://aaitek.com/services/cloud-security-governance","","","","","","",""
"https://www.aaitek.com/industries/real-estate","1","Non-Indexable","Canonicalised","https://aaitek.com/industries/real-estate","","","","","","",""
"https://www.aaitek.com/services/conversion-optimisation-cro","1","Non-Indexable","Canonicalised","https://aaitek.com/services/conversion-optimisation-cro","","","","","","",""
"https://www.aaitek.com/services/data-engineering-pipelines","1","Non-Indexable","Canonicalised","https://aaitek.com/services/data-engineering-pipelines","","","","","","",""
"https://www.aaitek.com/industries/government-public-sector","1","Non-Indexable","Canonicalised","https://aaitek.com/industries/government-public-sector","","","","","","",""
"https://www.aaitek.com/services/social-brand-growth","1","Non-Indexable","Canonicalised","https://aaitek.com/services/social-brand-growth","","","","","","",""
"https://www.aaitek.com/industries/retail-ecommerce","1","Non-Indexable","Canonicalised","https://aaitek.com/industries/retail-ecommerce","","","","","","",""
"https://www.aaitek.com/services/intelligent-automation","1","Non-Indexable","Canonicalised","https://aaitek.com/services/intelligent-automation","","","","","","",""
"https://www.aaitek.com/press-release/new-enterprise-platform-solutions-launched","1","Non-Indexable","Canonicalised","https://aaitek.com/","","","","","","",""
"https://www.aaitek.com/case-studies","1","Non-Indexable","Canonicalised","https://aaitek.com/case-studies","","","","","","",""
"https://www.aaitek.com/academy/data-ai-engineering","1","Non-Indexable","Canonicalised","https://aaitek.com/academy/data-ai-engineering","","","","","","",""
"https://www.aaitek.com/academy/ai-governance","1","Non-Indexable","Canonicalised","https://aaitek.com/academy/ai-governance","","","","","","",""
"https://www.aaitek.com/hire-talent/cloud-devops","1","Non-Indexable","Canonicalised","https://aaitek.com/hire-talent/cloud-devops","","","","","","",""
"https://www.aaitek.com/industries/sports-media","1","Non-Indexable","Canonicalised","https://aaitek.com/industries/sports-media","","","","","","",""
"https://www.aaitek.com/services/product-discovery-strategy","1","Non-Indexable","Canonicalised","https://aaitek.com/services/product-discovery-strategy","","","","","","",""
"https://www.aaitek.com/articles","1","Non-Indexable","Canonicalised","https://aaitek.com/articles","","","","","","",""
"https://www.aaitek.com/services/enterprise-system-integration","1","Non-Indexable","Canonicalised","https://aaitek.com/services/enterprise-system-integration","","","","","","",""
"https://www.aaitek.com/webinar/modernising-legacy-systems-without-disruption","1","Non-Indexable","Canonicalised","https://aaitek.com/","","","","","","",""
"https://www.aaitek.com/services/devops-cicd-automation","1","Non-Indexable","Canonicalised","https://aaitek.com/services/devops-cicd-automation","","","","","","",""
"https://www.aaitek.com/services/search-ai-optimisation","1","Non-Indexable","Canonicalised","https://aaitek.com/services/search-ai-optimisation","","","","","","",""
"https://www.aaitek.com/services/ai-machine-learning","1","Non-Indexable","Canonicalised","https://aaitek.com/services/ai-machine-learning","","","","","","",""
"https://www.aaitek.com/services/mobile-app-development","1","Non-Indexable","Canonicalised","https://aaitek.com/services/mobile-app-development","","","","","","",""
"https://www.aaitek.com/video/introduction-aaitek-ai-agents","1","Non-Indexable","Canonicalised","https://aaitek.com/","","","","","","",""
"https://www.aaitek.com/services/online-reputation-management","1","Non-Indexable","Canonicalised","https://aaitek.com/services/online-reputation-management","","","","","","",""
"https://www.aaitek.com/academy/salesforce","1","Non-Indexable","Canonicalised","https://aaitek.com/academy/salesforce","","","","","","",""
"https://www.aaitek.com/services/legacy-modernisation","1","Non-Indexable","Canonicalised","https://aaitek.com/services/legacy-modernisation","","","","","","",""
"https://www.aaitek.com/videos","1","Non-Indexable","Canonicalised","https://aaitek.com/videos","","","","","","",""
"https://www.aaitek.com/webinar/ai-enterprise-platforms-practical-applications","1","Non-Indexable","Canonicalised","https://aaitek.com/","","","","","","",""
"https://www.aaitek.com/webinar/responsible-ai-adoption-regulated-industries","1","Non-Indexable","Canonicalised","https://aaitek.com/","","","","","","",""
"https://www.aaitek.com/academy/servicenow","1","Non-Indexable","Canonicalised","https://aaitek.com/academy/servicenow","","","","","","",""
"https://www.aaitek.com/academy/sap","1","Non-Indexable","Canonicalised","https://aaitek.com/academy/sap","","","","","","",""
"https://www.aaitek.com/press-release/aaitek-reaches-100-projects-milestone","1","Non-Indexable","Canonicalised","https://aaitek.com/","","","","","","",""
"https://www.aaitek.com/services/ux-ui-design","1","Non-Indexable","Canonicalised","https://aaitek.com/services/ux-ui-design","","","","","","",""
"https://www.aaitek.com/press-release/aaitek-announces-launch-ai-agent-portfolio","1","Non-Indexable","Canonicalised","https://aaitek.com/","","","","","","",""
"https://www.aaitek.com/academy/full-stack-engineering","1","Non-Indexable","Canonicalised","https://aaitek.com/academy/full-stack-engineering","","","","","","",""
"https://www.aaitek.com/industries/healthcare-life-sciences","1","Non-Indexable","Canonicalised","https://aaitek.com/industries/healthcare-life-sciences","","","","","","",""
"https://www.aaitek.com/services/platform-optimisation","1","Non-Indexable","Canonicalised","https://aaitek.com/services/platform-optimisation","","","","","","",""
"https://www.aaitek.com/industries/education-edtech","1","Non-Indexable","Canonicalised","https://aaitek.com/industries/education-edtech","","","","","","",""
"https://www.aaitek.com/video/understanding-enterprise-integration-architectures","1","Non-Indexable","Canonicalised","https://aaitek.com/","","","","","","",""
"https://www.aaitek.com/hire-talent/backend-api-engineering","1","Non-Indexable","Canonicalised","https://aaitek.com/hire-talent/backend-api-engineering","","","","","","",""
"https://www.aaitek.com/services/bespoke-application-development","1","Non-Indexable","Canonicalised","https://aaitek.com/services/bespoke-application-development","","","","","","",""
"https://www.aaitek.com/hire-talent/on-demand-support","1","Non-Indexable","Canonicalised","https://aaitek.com/hire-talent/on-demand-support","","","","","","",""
"https://www.aaitek.com/academy/devops-platform-engineering","1","Non-Indexable","Canonicalised","https://aaitek.com/academy/devops-platform-engineering","","","","","","",""
"https://www.aaitek.com/services/application-support-maintenance","1","Non-Indexable","Canonicalised","https://aaitek.com/services/application-support-maintenance","","","","","","",""
"https://www.aaitek.com/services/managed-cloud-hosting","1","Non-Indexable","Canonicalised","https://aaitek.com/services/managed-cloud-hosting","","","","","","",""
"https://www.aaitek.com/services/custom-software-development","1","Non-Indexable","Canonicalised","https://aaitek.com/services/custom-software-development","","","","","","",""
"https://www.aaitek.com/services/web-platform-development","1","Non-Indexable","Canonicalised","https://aaitek.com/services/web-platform-development","","","","","","",""
"https://www.aaitek.com/services/it-support-managed-services","1","Non-Indexable","Canonicalised","https://aaitek.com/services/it-support-managed-services","","","","","","",""
